,Plan_Name,URL,Sponsor_Name,Plan Year,Date of Plan,Net Assets as of 12/31/2018,Plan Number,Plan Type,Is the plan collectively bargained?,Did the plan file for an extension of time or the DFVC Program?,Plan Funding Arrangement,Plan Benefit Arrangement,Active (Eligible) Participants,Retired or separated participants receiving benefits,Other retired or separated participants entitled to future benefits,Subtotal,Deceased participants whose beneficiaries are receiving or are entitled to receive benefits,Total,Total number of participants as of 01/01/2018,Number of participants with account balances,Number of participants that terminated employment during the plan year with accrued benefits that were less than 100% vested,Total Benefit Payments,Corrective Distributions,Administrative Service Providers,Other Expenses,Total Expenses,Total Transfers,Address,City,State,Zip,Telephone,EIN,Industry Code,Named Plan Sponsor,Administrator Name,Address,City,State,Zip,Telephone,Administrator EIN,Name,Nature of Service,Relationship to Plan Sponsor,Direct Compensation Paid by Plan,Indirect Compensation Paid by Plan,Total Compensation
0,NRECA RETIREMENT SECURITY PLAN,https://www.brightscope.com/form-5500/basic-info/256997/National-Rural-Electric-Cooperative-Association/13913739/Retirement-Security-Plan/,National Rural Electric Cooperative Assn,01/01/2018 — 12/31/2018,01/01/1948,"$8,614,297,789",333,Multiple Employer,No,Yes,InsuranceTrust,InsuranceTrust,"55,484","6,074","5,151","66,709",851,"67,560","66,975",0,"1,084",$0,$0,$0,$0,$0,$0,4301 Wilson Blvd ,Arlington,VA,22203,(703) 907-6021,53-0116145,221100,Rebecca Mordas,"Senior Vice President, Insurance & Financial Services",4301 Wilson Blvd ,Arlington,VA,22203,(703) 907-5743,54-2072724,Excella Consulting,"Consulting (general), Direct payment from the plan",Consultant,"$2,826,997",$0,"$2,826,997"
1,NRECA RETIREMENT SECURITY PLAN,https://www.brightscope.com/form-5500/basic-info/256997/National-Rural-Electric-Cooperative-Association/13913739/Retirement-Security-Plan/,National Rural Electric Cooperative Assn,01/01/2018 — 12/31/2018,01/01/1948,"$8,614,297,789",333,Multiple Employer,No,Yes,InsuranceTrust,InsuranceTrust,"55,484","6,074","5,151","66,709",851,"67,560","66,975",0,"1,084",$0,$0,$0,$0,$0,$0,4301 Wilson Blvd ,Arlington,VA,22203,(703) 907-6021,53-0116145,221100,Rebecca Mordas,"Senior Vice President, Insurance & Financial Services",4301 Wilson Blvd ,Arlington,VA,22203,(703) 907-5743,54-2072724,Neuberger Berman,"Investment management, Direct payment from the plan, Investment management fees paid directly by plan, Soft dollars commissions",Investment Management,"$2,463,609",$0,"$2,463,609"
2,NRECA RETIREMENT SECURITY PLAN,https://www.brightscope.com/form-5500/basic-info/256997/National-Rural-Electric-Cooperative-Association/13913739/Retirement-Security-Plan/,National Rural Electric Cooperative Assn,01/01/2018 — 12/31/2018,01/01/1948,"$8,614,297,789",333,Multiple Employer,No,Yes,InsuranceTrust,InsuranceTrust,"55,484","6,074","5,151","66,709",851,"67,560","66,975",0,"1,084",$0,$0,$0,$0,$0,$0,4301 Wilson Blvd ,Arlington,VA,22203,(703) 907-6021,53-0116145,221100,Rebecca Mordas,"Senior Vice President, Insurance & Financial Services",4301 Wilson Blvd ,Arlington,VA,22203,(703) 907-5743,54-2072724,Lsv Asset Management,"Investment management, Direct payment from the plan, Investment management fees paid directly by plan",Investment Management,"$2,440,894",$0,"$2,440,894"
3,NRECA RETIREMENT SECURITY PLAN,https://www.brightscope.com/form-5500/basic-info/256997/National-Rural-Electric-Cooperative-Association/13913739/Retirement-Security-Plan/,National Rural Electric Cooperative Assn,01/01/2018 — 12/31/2018,01/01/1948,"$8,614,297,789",333,Multiple Employer,No,Yes,InsuranceTrust,InsuranceTrust,"55,484","6,074","5,151","66,709",851,"67,560","66,975",0,"1,084",$0,$0,$0,$0,$0,$0,4301 Wilson Blvd ,Arlington,VA,22203,(703) 907-6021,53-0116145,221100,Rebecca Mordas,"Senior Vice President, Insurance & Financial Services",4301 Wilson Blvd ,Arlington,VA,22203,(703) 907-5743,54-2072724,Jennison Associates,"Investment management, Direct payment from the plan, Investment management fees paid directly by plan, Soft dollars commissions",Investment Management,"$2,283,895",$0,"$2,283,895"
4,NRECA RETIREMENT SECURITY PLAN,https://www.brightscope.com/form-5500/basic-info/256997/National-Rural-Electric-Cooperative-Association/13913739/Retirement-Security-Plan/,National Rural Electric Cooperative Assn,01/01/2018 — 12/31/2018,01/01/1948,"$8,614,297,789",333,Multiple Employer,No,Yes,InsuranceTrust,InsuranceTrust,"55,484","6,074","5,151","66,709",851,"67,560","66,975",0,"1,084",$0,$0,$0,$0,$0,$0,4301 Wilson Blvd ,Arlington,VA,22203,(703) 907-6021,53-0116145,221100,Rebecca Mordas,"Senior Vice President, Insurance & Financial Services",4301 Wilson Blvd ,Arlington,VA,22203,(703) 907-5743,54-2072724,Baillie Gifford,"Investment management, Direct payment from the plan, Investment management fees paid directly by plan",Investment Management,"$2,006,718",$0,"$2,006,718"
5,NRECA RETIREMENT SECURITY PLAN,https://www.brightscope.com/form-5500/basic-info/256997/National-Rural-Electric-Cooperative-Association/13913739/Retirement-Security-Plan/,National Rural Electric Cooperative Assn,01/01/2018 — 12/31/2018,01/01/1948,"$8,614,297,789",333,Multiple Employer,No,Yes,InsuranceTrust,InsuranceTrust,"55,484","6,074","5,151","66,709",851,"67,560","66,975",0,"1,084",$0,$0,$0,$0,$0,$0,4301 Wilson Blvd ,Arlington,VA,22203,(703) 907-6021,53-0116145,221100,Rebecca Mordas,"Senior Vice President, Insurance & Financial Services",4301 Wilson Blvd ,Arlington,VA,22203,(703) 907-5743,54-2072724,Arrowstreet Capital Limited Partner,"Investment management, Investment management fees paid directly by plan",Investment Management,"$1,869,109",$0,"$1,869,109"
6,NRECA RETIREMENT SECURITY PLAN,https://www.brightscope.com/form-5500/basic-info/256997/National-Rural-Electric-Cooperative-Association/13913739/Retirement-Security-Plan/,National Rural Electric Cooperative Assn,01/01/2018 — 12/31/2018,01/01/1948,"$8,614,297,789",333,Multiple Employer,No,Yes,InsuranceTrust,InsuranceTrust,"55,484","6,074","5,151","66,709",851,"67,560","66,975",0,"1,084",$0,$0,$0,$0,$0,$0,4301 Wilson Blvd ,Arlington,VA,22203,(703) 907-6021,53-0116145,221100,Rebecca Mordas,"Senior Vice President, Insurance & Financial Services",4301 Wilson Blvd ,Arlington,VA,22203,(703) 907-5743,54-2072724,Cornerstone Investment Partners LLC,"Investment management, Investment management fees paid directly by plan, Soft dollars commissions",Investment Management,"$1,657,025",$0,"$1,657,025"
7,NRECA RETIREMENT SECURITY PLAN,https://www.brightscope.com/form-5500/basic-info/256997/National-Rural-Electric-Cooperative-Association/13913739/Retirement-Security-Plan/,National Rural Electric Cooperative Assn,01/01/2018 — 12/31/2018,01/01/1948,"$8,614,297,789",333,Multiple Employer,No,Yes,InsuranceTrust,InsuranceTrust,"55,484","6,074","5,151","66,709",851,"67,560","66,975",0,"1,084",$0,$0,$0,$0,$0,$0,4301 Wilson Blvd ,Arlington,VA,22203,(703) 907-6021,53-0116145,221100,Rebecca Mordas,"Senior Vice President, Insurance & Financial Services",4301 Wilson Blvd ,Arlington,VA,22203,(703) 907-5743,54-2072724,Decisionpath Consulting,"Consulting (general), Direct payment from the plan",Consultant,"$1,451,031",$0,"$1,451,031"
8,NRECA RETIREMENT SECURITY PLAN,https://www.brightscope.com/form-5500/basic-info/256997/National-Rural-Electric-Cooperative-Association/13913739/Retirement-Security-Plan/,National Rural Electric Cooperative Assn,01/01/2018 — 12/31/2018,01/01/1948,"$8,614,297,789",333,Multiple Employer,No,Yes,InsuranceTrust,InsuranceTrust,"55,484","6,074","5,151","66,709",851,"67,560","66,975",0,"1,084",$0,$0,$0,$0,$0,$0,4301 Wilson Blvd ,Arlington,VA,22203,(703) 907-6021,53-0116145,221100,Rebecca Mordas,"Senior Vice President, Insurance & Financial Services",4301 Wilson Blvd ,Arlington,VA,22203,(703) 907-5743,54-2072724,Southeastern Asset Management Inc,"Investment management, Investment management fees paid directly by plan",Investment Management,"$1,277,873",$0,"$1,277,873"
9,NRECA RETIREMENT SECURITY PLAN,https://www.brightscope.com/form-5500/basic-info/256997/National-Rural-Electric-Cooperative-Association/13913739/Retirement-Security-Plan/,National Rural Electric Cooperative Assn,01/01/2018 — 12/31/2018,01/01/1948,"$8,614,297,789",333,Multiple Employer,No,Yes,InsuranceTrust,InsuranceTrust,"55,484","6,074","5,151","66,709",851,"67,560","66,975",0,"1,084",$0,$0,$0,$0,$0,$0,4301 Wilson Blvd ,Arlington,VA,22203,(703) 907-6021,53-0116145,221100,Rebecca Mordas,"Senior Vice President, Insurance & Financial Services",4301 Wilson Blvd ,Arlington,VA,22203,(703) 907-5743,54-2072724,Capricorn Systems Inc,"Consulting (general), Direct payment from the plan",Consultant,"$1,205,481",$0,"$1,205,481"
10,NRECA RETIREMENT SECURITY PLAN,https://www.brightscope.com/form-5500/basic-info/256997/National-Rural-Electric-Cooperative-Association/13913739/Retirement-Security-Plan/,National Rural Electric Cooperative Assn,01/01/2018 — 12/31/2018,01/01/1948,"$8,614,297,789",333,Multiple Employer,No,Yes,InsuranceTrust,InsuranceTrust,"55,484","6,074","5,151","66,709",851,"67,560","66,975",0,"1,084",$0,$0,$0,$0,$0,$0,4301 Wilson Blvd ,Arlington,VA,22203,(703) 907-6021,53-0116145,221100,Rebecca Mordas,"Senior Vice President, Insurance & Financial Services",4301 Wilson Blvd ,Arlington,VA,22203,(703) 907-5743,54-2072724,Spear Solutions Inc,"Consulting (general), Direct payment from the plan",Consultant,"$720,723",$0,"$720,723"
11,NRECA RETIREMENT SECURITY PLAN,https://www.brightscope.com/form-5500/basic-info/256997/National-Rural-Electric-Cooperative-Association/13913739/Retirement-Security-Plan/,National Rural Electric Cooperative Assn,01/01/2018 — 12/31/2018,01/01/1948,"$8,614,297,789",333,Multiple Employer,No,Yes,InsuranceTrust,InsuranceTrust,"55,484","6,074","5,151","66,709",851,"67,560","66,975",0,"1,084",$0,$0,$0,$0,$0,$0,4301 Wilson Blvd ,Arlington,VA,22203,(703) 907-6021,53-0116145,221100,Rebecca Mordas,"Senior Vice President, Insurance & Financial Services",4301 Wilson Blvd ,Arlington,VA,22203,(703) 907-5743,54-2072724,Agf Investments America,"Investment management, Direct payment from the plan, Investment management fees paid directly by plan",Investment Management,"$716,368",$0,"$716,368"
12,NRECA RETIREMENT SECURITY PLAN,https://www.brightscope.com/form-5500/basic-info/256997/National-Rural-Electric-Cooperative-Association/13913739/Retirement-Security-Plan/,National Rural Electric Cooperative Assn,01/01/2018 — 12/31/2018,01/01/1948,"$8,614,297,789",333,Multiple Employer,No,Yes,InsuranceTrust,InsuranceTrust,"55,484","6,074","5,151","66,709",851,"67,560","66,975",0,"1,084",$0,$0,$0,$0,$0,$0,4301 Wilson Blvd ,Arlington,VA,22203,(703) 907-6021,53-0116145,221100,Rebecca Mordas,"Senior Vice President, Insurance & Financial Services",4301 Wilson Blvd ,Arlington,VA,22203,(703) 907-5743,54-2072724,Towers Watson,"Actuarial, Consulting (pension), Direct payment from the plan",Actuary,"$633,748",$0,"$633,748"
13,NRECA RETIREMENT SECURITY PLAN,https://www.brightscope.com/form-5500/basic-info/256997/National-Rural-Electric-Cooperative-Association/13913739/Retirement-Security-Plan/,National Rural Electric Cooperative Assn,01/01/2018 — 12/31/2018,01/01/1948,"$8,614,297,789",333,Multiple Employer,No,Yes,InsuranceTrust,InsuranceTrust,"55,484","6,074","5,151","66,709",851,"67,560","66,975",0,"1,084",$0,$0,$0,$0,$0,$0,4301 Wilson Blvd ,Arlington,VA,22203,(703) 907-6021,53-0116145,221100,Rebecca Mordas,"Senior Vice President, Insurance & Financial Services",4301 Wilson Blvd ,Arlington,VA,22203,(703) 907-5743,54-2072724,International Software Systems Inc,"Consulting (general), Direct payment from the plan",Consultant,"$599,591",$0,"$599,591"
14,NRECA RETIREMENT SECURITY PLAN,https://www.brightscope.com/form-5500/basic-info/256997/National-Rural-Electric-Cooperative-Association/13913739/Retirement-Security-Plan/,National Rural Electric Cooperative Assn,01/01/2018 — 12/31/2018,01/01/1948,"$8,614,297,789",333,Multiple Employer,No,Yes,InsuranceTrust,InsuranceTrust,"55,484","6,074","5,151","66,709",851,"67,560","66,975",0,"1,084",$0,$0,$0,$0,$0,$0,4301 Wilson Blvd ,Arlington,VA,22203,(703) 907-6021,53-0116145,221100,Rebecca Mordas,"Senior Vice President, Insurance & Financial Services",4301 Wilson Blvd ,Arlington,VA,22203,(703) 907-5743,54-2072724,Inseris,"Consulting (general), Direct payment from the plan",Consultant,"$562,808",$0,"$562,808"
15,NRECA RETIREMENT SECURITY PLAN,https://www.brightscope.com/form-5500/basic-info/256997/National-Rural-Electric-Cooperative-Association/13913739/Retirement-Security-Plan/,National Rural Electric Cooperative Assn,01/01/2018 — 12/31/2018,01/01/1948,"$8,614,297,789",333,Multiple Employer,No,Yes,InsuranceTrust,InsuranceTrust,"55,484","6,074","5,151","66,709",851,"67,560","66,975",0,"1,084",$0,$0,$0,$0,$0,$0,4301 Wilson Blvd ,Arlington,VA,22203,(703) 907-6021,53-0116145,221100,Rebecca Mordas,"Senior Vice President, Insurance & Financial Services",4301 Wilson Blvd ,Arlington,VA,22203,(703) 907-5743,54-2072724,State Street Bank,"Custodial (securities), Trustee (directed), Investment management, Direct payment from the plan, Float revenue, Other fees",Trustee,"$500,917",$0,"$500,917"
16,NRECA RETIREMENT SECURITY PLAN,https://www.brightscope.com/form-5500/basic-info/256997/National-Rural-Electric-Cooperative-Association/13913739/Retirement-Security-Plan/,National Rural Electric Cooperative Assn,01/01/2018 — 12/31/2018,01/01/1948,"$8,614,297,789",333,Multiple Employer,No,Yes,InsuranceTrust,InsuranceTrust,"55,484","6,074","5,151","66,709",851,"67,560","66,975",0,"1,084",$0,$0,$0,$0,$0,$0,4301 Wilson Blvd ,Arlington,VA,22203,(703) 907-6021,53-0116145,221100,Rebecca Mordas,"Senior Vice President, Insurance & Financial Services",4301 Wilson Blvd ,Arlington,VA,22203,(703) 907-5743,54-2072724,Lockton Companies,"Insurance agents and brokers, Direct payment from the plan",Insurance Agent,"$328,345",$0,"$328,345"
17,NRECA RETIREMENT SECURITY PLAN,https://www.brightscope.com/form-5500/basic-info/256997/National-Rural-Electric-Cooperative-Association/13913739/Retirement-Security-Plan/,National Rural Electric Cooperative Assn,01/01/2018 — 12/31/2018,01/01/1948,"$8,614,297,789",333,Multiple Employer,No,Yes,InsuranceTrust,InsuranceTrust,"55,484","6,074","5,151","66,709",851,"67,560","66,975",0,"1,084",$0,$0,$0,$0,$0,$0,4301 Wilson Blvd ,Arlington,VA,22203,(703) 907-6021,53-0116145,221100,Rebecca Mordas,"Senior Vice President, Insurance & Financial Services",4301 Wilson Blvd ,Arlington,VA,22203,(703) 907-5743,54-2072724,Modis,"Consulting (general), Direct payment from the plan",Consultant,"$291,942",$0,"$291,942"
18,NRECA RETIREMENT SECURITY PLAN,https://www.brightscope.com/form-5500/basic-info/256997/National-Rural-Electric-Cooperative-Association/13913739/Retirement-Security-Plan/,National Rural Electric Cooperative Assn,01/01/2018 — 12/31/2018,01/01/1948,"$8,614,297,789",333,Multiple Employer,No,Yes,InsuranceTrust,InsuranceTrust,"55,484","6,074","5,151","66,709",851,"67,560","66,975",0,"1,084",$0,$0,$0,$0,$0,$0,4301 Wilson Blvd ,Arlington,VA,22203,(703) 907-6021,53-0116145,221100,Rebecca Mordas,"Senior Vice President, Insurance & Financial Services",4301 Wilson Blvd ,Arlington,VA,22203,(703) 907-5743,54-2072724,Experis It Services Us LLC,"Consulting (general), Direct payment from the plan",Consultant,"$218,443",$0,"$218,443"
19,NRECA RETIREMENT SECURITY PLAN,https://www.brightscope.com/form-5500/basic-info/256997/National-Rural-Electric-Cooperative-Association/13913739/Retirement-Security-Plan/,National Rural Electric Cooperative Assn,01/01/2018 — 12/31/2018,01/01/1948,"$8,614,297,789",333,Multiple Employer,No,Yes,InsuranceTrust,InsuranceTrust,"55,484","6,074","5,151","66,709",851,"67,560","66,975",0,"1,084",$0,$0,$0,$0,$0,$0,4301 Wilson Blvd ,Arlington,VA,22203,(703) 907-6021,53-0116145,221100,Rebecca Mordas,"Senior Vice President, Insurance & Financial Services",4301 Wilson Blvd ,Arlington,VA,22203,(703) 907-5743,54-2072724,State Street Global Advisors,"Custodial (other than securities), Custodial (securities), Investment management, Investment management fees paid directly by plan",Investment Management,"$212,449",$0,"$212,449"
20,NRECA RETIREMENT SECURITY PLAN,https://www.brightscope.com/form-5500/basic-info/256997/National-Rural-Electric-Cooperative-Association/13913739/Retirement-Security-Plan/,National Rural Electric Cooperative Assn,01/01/2018 — 12/31/2018,01/01/1948,"$8,614,297,789",333,Multiple Employer,No,Yes,InsuranceTrust,InsuranceTrust,"55,484","6,074","5,151","66,709",851,"67,560","66,975",0,"1,084",$0,$0,$0,$0,$0,$0,4301 Wilson Blvd ,Arlington,VA,22203,(703) 907-6021,53-0116145,221100,Rebecca Mordas,"Senior Vice President, Insurance & Financial Services",4301 Wilson Blvd ,Arlington,VA,22203,(703) 907-5743,54-2072724,Enterprise Iron Financial Industry,"Consulting (general), Direct payment from the plan",Consultant,"$184,073",$0,"$184,073"
21,NRECA RETIREMENT SECURITY PLAN,https://www.brightscope.com/form-5500/basic-info/256997/National-Rural-Electric-Cooperative-Association/13913739/Retirement-Security-Plan/,National Rural Electric Cooperative Assn,01/01/2018 — 12/31/2018,01/01/1948,"$8,614,297,789",333,Multiple Employer,No,Yes,InsuranceTrust,InsuranceTrust,"55,484","6,074","5,151","66,709",851,"67,560","66,975",0,"1,084",$0,$0,$0,$0,$0,$0,4301 Wilson Blvd ,Arlington,VA,22203,(703) 907-6021,53-0116145,221100,Rebecca Mordas,"Senior Vice President, Insurance & Financial Services",4301 Wilson Blvd ,Arlington,VA,22203,(703) 907-5743,54-2072724,Rvk Inc,"Consulting (general), Direct payment from the plan",Consultant,"$176,548",$0,"$176,548"
22,NRECA RETIREMENT SECURITY PLAN,https://www.brightscope.com/form-5500/basic-info/256997/National-Rural-Electric-Cooperative-Association/13913739/Retirement-Security-Plan/,National Rural Electric Cooperative Assn,01/01/2018 — 12/31/2018,01/01/1948,"$8,614,297,789",333,Multiple Employer,No,Yes,InsuranceTrust,InsuranceTrust,"55,484","6,074","5,151","66,709",851,"67,560","66,975",0,"1,084",$0,$0,$0,$0,$0,$0,4301 Wilson Blvd ,Arlington,VA,22203,(703) 907-6021,53-0116145,221100,Rebecca Mordas,"Senior Vice President, Insurance & Financial Services",4301 Wilson Blvd ,Arlington,VA,22203,(703) 907-5743,54-2072724,Fis Business Systems LLC,"Consulting (general), Direct payment from the plan",Consultant,"$137,390",$0,"$137,390"
23,NRECA RETIREMENT SECURITY PLAN,https://www.brightscope.com/form-5500/basic-info/256997/National-Rural-Electric-Cooperative-Association/13913739/Retirement-Security-Plan/,National Rural Electric Cooperative Assn,01/01/2018 — 12/31/2018,01/01/1948,"$8,614,297,789",333,Multiple Employer,No,Yes,InsuranceTrust,InsuranceTrust,"55,484","6,074","5,151","66,709",851,"67,560","66,975",0,"1,084",$0,$0,$0,$0,$0,$0,4301 Wilson Blvd ,Arlington,VA,22203,(703) 907-6021,53-0116145,221100,Rebecca Mordas,"Senior Vice President, Insurance & Financial Services",4301 Wilson Blvd ,Arlington,VA,22203,(703) 907-5743,54-2072724,Usm Business Systems Inc,"Consulting (general), Direct payment from the plan",Consultant,"$130,304",$0,"$130,304"
24,NRECA RETIREMENT SECURITY PLAN,https://www.brightscope.com/form-5500/basic-info/256997/National-Rural-Electric-Cooperative-Association/13913739/Retirement-Security-Plan/,National Rural Electric Cooperative Assn,01/01/2018 — 12/31/2018,01/01/1948,"$8,614,297,789",333,Multiple Employer,No,Yes,InsuranceTrust,InsuranceTrust,"55,484","6,074","5,151","66,709",851,"67,560","66,975",0,"1,084",$0,$0,$0,$0,$0,$0,4301 Wilson Blvd ,Arlington,VA,22203,(703) 907-6021,53-0116145,221100,Rebecca Mordas,"Senior Vice President, Insurance & Financial Services",4301 Wilson Blvd ,Arlington,VA,22203,(703) 907-5743,54-2072724,Morgan Stanley Co Incorporated,Securities brokerage commissions and fees,Broker,$0,"$121,250","$121,250"
25,NRECA RETIREMENT SECURITY PLAN,https://www.brightscope.com/form-5500/basic-info/256997/National-Rural-Electric-Cooperative-Association/13913739/Retirement-Security-Plan/,National Rural Electric Cooperative Assn,01/01/2018 — 12/31/2018,01/01/1948,"$8,614,297,789",333,Multiple Employer,No,Yes,InsuranceTrust,InsuranceTrust,"55,484","6,074","5,151","66,709",851,"67,560","66,975",0,"1,084",$0,$0,$0,$0,$0,$0,4301 Wilson Blvd ,Arlington,VA,22203,(703) 907-6021,53-0116145,221100,Rebecca Mordas,"Senior Vice President, Insurance & Financial Services",4301 Wilson Blvd ,Arlington,VA,22203,(703) 907-5743,54-2072724,Groom Law Group Chartered,"Legal, Direct payment from the plan",Legal,"$110,068",$0,"$110,068"
26,NRECA RETIREMENT SECURITY PLAN,https://www.brightscope.com/form-5500/basic-info/256997/National-Rural-Electric-Cooperative-Association/13913739/Retirement-Security-Plan/,National Rural Electric Cooperative Assn,01/01/2018 — 12/31/2018,01/01/1948,"$8,614,297,789",333,Multiple Employer,No,Yes,InsuranceTrust,InsuranceTrust,"55,484","6,074","5,151","66,709",851,"67,560","66,975",0,"1,084",$0,$0,$0,$0,$0,$0,4301 Wilson Blvd ,Arlington,VA,22203,(703) 907-6021,53-0116145,221100,Rebecca Mordas,"Senior Vice President, Insurance & Financial Services",4301 Wilson Blvd ,Arlington,VA,22203,(703) 907-5743,54-2072724,Zovaya Corporation,"Consulting (general), Direct payment from the plan",Consultant,"$104,916",$0,"$104,916"
27,NRECA RETIREMENT SECURITY PLAN,https://www.brightscope.com/form-5500/basic-info/256997/National-Rural-Electric-Cooperative-Association/13913739/Retirement-Security-Plan/,National Rural Electric Cooperative Assn,01/01/2018 — 12/31/2018,01/01/1948,"$8,614,297,789",333,Multiple Employer,No,Yes,InsuranceTrust,InsuranceTrust,"55,484","6,074","5,151","66,709",851,"67,560","66,975",0,"1,084",$0,$0,$0,$0,$0,$0,4301 Wilson Blvd ,Arlington,VA,22203,(703) 907-6021,53-0116145,221100,Rebecca Mordas,"Senior Vice President, Insurance & Financial Services",4301 Wilson Blvd ,Arlington,VA,22203,(703) 907-5743,54-2072724,Credit Suisse Securities (USA) LLC,Securities brokerage commissions and fees,Broker,$0,"$87,524","$87,524"
28,NRECA RETIREMENT SECURITY PLAN,https://www.brightscope.com/form-5500/basic-info/256997/National-Rural-Electric-Cooperative-Association/13913739/Retirement-Security-Plan/,National Rural Electric Cooperative Assn,01/01/2018 — 12/31/2018,01/01/1948,"$8,614,297,789",333,Multiple Employer,No,Yes,InsuranceTrust,InsuranceTrust,"55,484","6,074","5,151","66,709",851,"67,560","66,975",0,"1,084",$0,$0,$0,$0,$0,$0,4301 Wilson Blvd ,Arlington,VA,22203,(703) 907-6021,53-0116145,221100,Rebecca Mordas,"Senior Vice President, Insurance & Financial Services",4301 Wilson Blvd ,Arlington,VA,22203,(703) 907-5743,54-2072724,Jp Morgan Securities,Securities brokerage commissions and fees,Broker,$0,"$86,438","$86,438"
29,NRECA RETIREMENT SECURITY PLAN,https://www.brightscope.com/form-5500/basic-info/256997/National-Rural-Electric-Cooperative-Association/13913739/Retirement-Security-Plan/,National Rural Electric Cooperative Assn,01/01/2018 — 12/31/2018,01/01/1948,"$8,614,297,789",333,Multiple Employer,No,Yes,InsuranceTrust,InsuranceTrust,"55,484","6,074","5,151","66,709",851,"67,560","66,975",0,"1,084",$0,$0,$0,$0,$0,$0,4301 Wilson Blvd ,Arlington,VA,22203,(703) 907-6021,53-0116145,221100,Rebecca Mordas,"Senior Vice President, Insurance & Financial Services",4301 Wilson Blvd ,Arlington,VA,22203,(703) 907-5743,54-2072724,Hertzbach and Company,"Consulting (general), Direct payment from the plan",Consultant,"$82,027",$0,"$82,027"
30,NRECA RETIREMENT SECURITY PLAN,https://www.brightscope.com/form-5500/basic-info/256997/National-Rural-Electric-Cooperative-Association/13913739/Retirement-Security-Plan/,National Rural Electric Cooperative Assn,01/01/2018 — 12/31/2018,01/01/1948,"$8,614,297,789",333,Multiple Employer,No,Yes,InsuranceTrust,InsuranceTrust,"55,484","6,074","5,151","66,709",851,"67,560","66,975",0,"1,084",$0,$0,$0,$0,$0,$0,4301 Wilson Blvd ,Arlington,VA,22203,(703) 907-6021,53-0116145,221100,Rebecca Mordas,"Senior Vice President, Insurance & Financial Services",4301 Wilson Blvd ,Arlington,VA,22203,(703) 907-5743,54-2072724,Pinnacle Data Systems LLC,"Participant communication, Direct payment from the plan",Participant Communication,"$72,503",$0,"$72,503"
31,NRECA RETIREMENT SECURITY PLAN,https://www.brightscope.com/form-5500/basic-info/256997/National-Rural-Electric-Cooperative-Association/13913739/Retirement-Security-Plan/,National Rural Electric Cooperative Assn,01/01/2018 — 12/31/2018,01/01/1948,"$8,614,297,789",333,Multiple Employer,No,Yes,InsuranceTrust,InsuranceTrust,"55,484","6,074","5,151","66,709",851,"67,560","66,975",0,"1,084",$0,$0,$0,$0,$0,$0,4301 Wilson Blvd ,Arlington,VA,22203,(703) 907-6021,53-0116145,221100,Rebecca Mordas,"Senior Vice President, Insurance & Financial Services",4301 Wilson Blvd ,Arlington,VA,22203,(703) 907-5743,54-2072724,Ocp Centrum Holding Company LLC,"Other services, Direct payment from the plan",Other Services,"$62,307",$0,"$62,307"
32,NRECA RETIREMENT SECURITY PLAN,https://www.brightscope.com/form-5500/basic-info/256997/National-Rural-Electric-Cooperative-Association/13913739/Retirement-Security-Plan/,National Rural Electric Cooperative Assn,01/01/2018 — 12/31/2018,01/01/1948,"$8,614,297,789",333,Multiple Employer,No,Yes,InsuranceTrust,InsuranceTrust,"55,484","6,074","5,151","66,709",851,"67,560","66,975",0,"1,084",$0,$0,$0,$0,$0,$0,4301 Wilson Blvd ,Arlington,VA,22203,(703) 907-6021,53-0116145,221100,Rebecca Mordas,"Senior Vice President, Insurance & Financial Services",4301 Wilson Blvd ,Arlington,VA,22203,(703) 907-5743,54-2072724,Cliftonlarsonallen LLP,"Accounting (including auditing), Direct payment from the plan",Auditor,"$61,002",$0,"$61,002"
33,NRECA RETIREMENT SECURITY PLAN,https://www.brightscope.com/form-5500/basic-info/256997/National-Rural-Electric-Cooperative-Association/13913739/Retirement-Security-Plan/,National Rural Electric Cooperative Assn,01/01/2018 — 12/31/2018,01/01/1948,"$8,614,297,789",333,Multiple Employer,No,Yes,InsuranceTrust,InsuranceTrust,"55,484","6,074","5,151","66,709",851,"67,560","66,975",0,"1,084",$0,$0,$0,$0,$0,$0,4301 Wilson Blvd ,Arlington,VA,22203,(703) 907-6021,53-0116145,221100,Rebecca Mordas,"Senior Vice President, Insurance & Financial Services",4301 Wilson Blvd ,Arlington,VA,22203,(703) 907-5743,54-2072724,Midtown Group,"Consulting (general), Direct payment from the plan",Consultant,"$60,622",$0,"$60,622"
34,NRECA RETIREMENT SECURITY PLAN,https://www.brightscope.com/form-5500/basic-info/256997/National-Rural-Electric-Cooperative-Association/13913739/Retirement-Security-Plan/,National Rural Electric Cooperative Assn,01/01/2018 — 12/31/2018,01/01/1948,"$8,614,297,789",333,Multiple Employer,No,Yes,InsuranceTrust,InsuranceTrust,"55,484","6,074","5,151","66,709",851,"67,560","66,975",0,"1,084",$0,$0,$0,$0,$0,$0,4301 Wilson Blvd ,Arlington,VA,22203,(703) 907-6021,53-0116145,221100,Rebecca Mordas,"Senior Vice President, Insurance & Financial Services",4301 Wilson Blvd ,Arlington,VA,22203,(703) 907-5743,54-2072724,Workbridge Associates,"Consulting (general), Direct payment from the plan",Consultant,"$57,974",$0,"$57,974"
35,NRECA RETIREMENT SECURITY PLAN,https://www.brightscope.com/form-5500/basic-info/256997/National-Rural-Electric-Cooperative-Association/13913739/Retirement-Security-Plan/,National Rural Electric Cooperative Assn,01/01/2018 — 12/31/2018,01/01/1948,"$8,614,297,789",333,Multiple Employer,No,Yes,InsuranceTrust,InsuranceTrust,"55,484","6,074","5,151","66,709",851,"67,560","66,975",0,"1,084",$0,$0,$0,$0,$0,$0,4301 Wilson Blvd ,Arlington,VA,22203,(703) 907-6021,53-0116145,221100,Rebecca Mordas,"Senior Vice President, Insurance & Financial Services",4301 Wilson Blvd ,Arlington,VA,22203,(703) 907-5743,54-2072724,Sanford C Bernstein Ltd,Securities brokerage commissions and fees,Broker,$0,"$57,013","$57,013"
36,NRECA RETIREMENT SECURITY PLAN,https://www.brightscope.com/form-5500/basic-info/256997/National-Rural-Electric-Cooperative-Association/13913739/Retirement-Security-Plan/,National Rural Electric Cooperative Assn,01/01/2018 — 12/31/2018,01/01/1948,"$8,614,297,789",333,Multiple Employer,No,Yes,InsuranceTrust,InsuranceTrust,"55,484","6,074","5,151","66,709",851,"67,560","66,975",0,"1,084",$0,$0,$0,$0,$0,$0,4301 Wilson Blvd ,Arlington,VA,22203,(703) 907-6021,53-0116145,221100,Rebecca Mordas,"Senior Vice President, Insurance & Financial Services",4301 Wilson Blvd ,Arlington,VA,22203,(703) 907-5743,54-2072724,Kingsmen Software LLC,"Consulting (general), Direct payment from the plan",Consultant,"$56,976",$0,"$56,976"
37,NRECA RETIREMENT SECURITY PLAN,https://www.brightscope.com/form-5500/basic-info/256997/National-Rural-Electric-Cooperative-Association/13913739/Retirement-Security-Plan/,National Rural Electric Cooperative Assn,01/01/2018 — 12/31/2018,01/01/1948,"$8,614,297,789",333,Multiple Employer,No,Yes,InsuranceTrust,InsuranceTrust,"55,484","6,074","5,151","66,709",851,"67,560","66,975",0,"1,084",$0,$0,$0,$0,$0,$0,4301 Wilson Blvd ,Arlington,VA,22203,(703) 907-6021,53-0116145,221100,Rebecca Mordas,"Senior Vice President, Insurance & Financial Services",4301 Wilson Blvd ,Arlington,VA,22203,(703) 907-5743,54-2072724,Tonic Inc,"Consulting (general), Direct payment from the plan",Consultant,"$52,779",$0,"$52,779"
38,NRECA RETIREMENT SECURITY PLAN,https://www.brightscope.com/form-5500/basic-info/256997/National-Rural-Electric-Cooperative-Association/13913739/Retirement-Security-Plan/,National Rural Electric Cooperative Assn,01/01/2018 — 12/31/2018,01/01/1948,"$8,614,297,789",333,Multiple Employer,No,Yes,InsuranceTrust,InsuranceTrust,"55,484","6,074","5,151","66,709",851,"67,560","66,975",0,"1,084",$0,$0,$0,$0,$0,$0,4301 Wilson Blvd ,Arlington,VA,22203,(703) 907-6021,53-0116145,221100,Rebecca Mordas,"Senior Vice President, Insurance & Financial Services",4301 Wilson Blvd ,Arlington,VA,22203,(703) 907-5743,54-2072724,Keybanc Capital Markets,Securities brokerage commissions and fees,Broker,$0,"$44,503","$44,503"
39,NRECA RETIREMENT SECURITY PLAN,https://www.brightscope.com/form-5500/basic-info/256997/National-Rural-Electric-Cooperative-Association/13913739/Retirement-Security-Plan/,National Rural Electric Cooperative Assn,01/01/2018 — 12/31/2018,01/01/1948,"$8,614,297,789",333,Multiple Employer,No,Yes,InsuranceTrust,InsuranceTrust,"55,484","6,074","5,151","66,709",851,"67,560","66,975",0,"1,084",$0,$0,$0,$0,$0,$0,4301 Wilson Blvd ,Arlington,VA,22203,(703) 907-6021,53-0116145,221100,Rebecca Mordas,"Senior Vice President, Insurance & Financial Services",4301 Wilson Blvd ,Arlington,VA,22203,(703) 907-5743,54-2072724,Evercore Group LLC,Securities brokerage commissions and fees,Broker,$0,"$31,891","$31,891"
40,NRECA RETIREMENT SECURITY PLAN,https://www.brightscope.com/form-5500/basic-info/256997/National-Rural-Electric-Cooperative-Association/13913739/Retirement-Security-Plan/,National Rural Electric Cooperative Assn,01/01/2018 — 12/31/2018,01/01/1948,"$8,614,297,789",333,Multiple Employer,No,Yes,InsuranceTrust,InsuranceTrust,"55,484","6,074","5,151","66,709",851,"67,560","66,975",0,"1,084",$0,$0,$0,$0,$0,$0,4301 Wilson Blvd ,Arlington,VA,22203,(703) 907-6021,53-0116145,221100,Rebecca Mordas,"Senior Vice President, Insurance & Financial Services",4301 Wilson Blvd ,Arlington,VA,22203,(703) 907-5743,54-2072724,Citigroup Global Markets Limited,Securities brokerage commissions and fees,Broker,$0,"$29,576","$29,576"
41,NRECA RETIREMENT SECURITY PLAN,https://www.brightscope.com/form-5500/basic-info/256997/National-Rural-Electric-Cooperative-Association/13913739/Retirement-Security-Plan/,National Rural Electric Cooperative Assn,01/01/2018 — 12/31/2018,01/01/1948,"$8,614,297,789",333,Multiple Employer,No,Yes,InsuranceTrust,InsuranceTrust,"55,484","6,074","5,151","66,709",851,"67,560","66,975",0,"1,084",$0,$0,$0,$0,$0,$0,4301 Wilson Blvd ,Arlington,VA,22203,(703) 907-6021,53-0116145,221100,Rebecca Mordas,"Senior Vice President, Insurance & Financial Services",4301 Wilson Blvd ,Arlington,VA,22203,(703) 907-5743,54-2072724,William Blair and Company LLC,Securities brokerage commissions and fees,Broker,$0,"$28,738","$28,738"
42,NRECA RETIREMENT SECURITY PLAN,https://www.brightscope.com/form-5500/basic-info/256997/National-Rural-Electric-Cooperative-Association/13913739/Retirement-Security-Plan/,National Rural Electric Cooperative Assn,01/01/2018 — 12/31/2018,01/01/1948,"$8,614,297,789",333,Multiple Employer,No,Yes,InsuranceTrust,InsuranceTrust,"55,484","6,074","5,151","66,709",851,"67,560","66,975",0,"1,084",$0,$0,$0,$0,$0,$0,4301 Wilson Blvd ,Arlington,VA,22203,(703) 907-6021,53-0116145,221100,Rebecca Mordas,"Senior Vice President, Insurance & Financial Services",4301 Wilson Blvd ,Arlington,VA,22203,(703) 907-5743,54-2072724,Alston and Bird LLP,"Consulting (general), Direct payment from the plan",Legal,"$28,216",$0,"$28,216"
43,NRECA RETIREMENT SECURITY PLAN,https://www.brightscope.com/form-5500/basic-info/256997/National-Rural-Electric-Cooperative-Association/13913739/Retirement-Security-Plan/,National Rural Electric Cooperative Assn,01/01/2018 — 12/31/2018,01/01/1948,"$8,614,297,789",333,Multiple Employer,No,Yes,InsuranceTrust,InsuranceTrust,"55,484","6,074","5,151","66,709",851,"67,560","66,975",0,"1,084",$0,$0,$0,$0,$0,$0,4301 Wilson Blvd ,Arlington,VA,22203,(703) 907-6021,53-0116145,221100,Rebecca Mordas,"Senior Vice President, Insurance & Financial Services",4301 Wilson Blvd ,Arlington,VA,22203,(703) 907-5743,54-2072724,Chakrabarti Management Consultancy,"Consulting (general), Direct payment from the plan",Consultant,"$27,675",$0,"$27,675"
44,NRECA RETIREMENT SECURITY PLAN,https://www.brightscope.com/form-5500/basic-info/256997/National-Rural-Electric-Cooperative-Association/13913739/Retirement-Security-Plan/,National Rural Electric Cooperative Assn,01/01/2018 — 12/31/2018,01/01/1948,"$8,614,297,789",333,Multiple Employer,No,Yes,InsuranceTrust,InsuranceTrust,"55,484","6,074","5,151","66,709",851,"67,560","66,975",0,"1,084",$0,$0,$0,$0,$0,$0,4301 Wilson Blvd ,Arlington,VA,22203,(703) 907-6021,53-0116145,221100,Rebecca Mordas,"Senior Vice President, Insurance & Financial Services",4301 Wilson Blvd ,Arlington,VA,22203,(703) 907-5743,54-2072724,Archidera LLC,"Consulting (general), Direct payment from the plan",Consultant,"$27,156",$0,"$27,156"
45,NRECA RETIREMENT SECURITY PLAN,https://www.brightscope.com/form-5500/basic-info/256997/National-Rural-Electric-Cooperative-Association/13913739/Retirement-Security-Plan/,National Rural Electric Cooperative Assn,01/01/2018 — 12/31/2018,01/01/1948,"$8,614,297,789",333,Multiple Employer,No,Yes,InsuranceTrust,InsuranceTrust,"55,484","6,074","5,151","66,709",851,"67,560","66,975",0,"1,084",$0,$0,$0,$0,$0,$0,4301 Wilson Blvd ,Arlington,VA,22203,(703) 907-6021,53-0116145,221100,Rebecca Mordas,"Senior Vice President, Insurance & Financial Services",4301 Wilson Blvd ,Arlington,VA,22203,(703) 907-5743,54-2072724,Instinet,Securities brokerage commissions and fees,Broker,$0,"$26,929","$26,929"
46,NRECA RETIREMENT SECURITY PLAN,https://www.brightscope.com/form-5500/basic-info/256997/National-Rural-Electric-Cooperative-Association/13913739/Retirement-Security-Plan/,National Rural Electric Cooperative Assn,01/01/2018 — 12/31/2018,01/01/1948,"$8,614,297,789",333,Multiple Employer,No,Yes,InsuranceTrust,InsuranceTrust,"55,484","6,074","5,151","66,709",851,"67,560","66,975",0,"1,084",$0,$0,$0,$0,$0,$0,4301 Wilson Blvd ,Arlington,VA,22203,(703) 907-6021,53-0116145,221100,Rebecca Mordas,"Senior Vice President, Insurance & Financial Services",4301 Wilson Blvd ,Arlington,VA,22203,(703) 907-5743,54-2072724,Goldman Sachs and Co LLC,Securities brokerage commissions and fees,Broker,$0,"$19,728","$19,728"
47,NRECA RETIREMENT SECURITY PLAN,https://www.brightscope.com/form-5500/basic-info/256997/National-Rural-Electric-Cooperative-Association/13913739/Retirement-Security-Plan/,National Rural Electric Cooperative Assn,01/01/2018 — 12/31/2018,01/01/1948,"$8,614,297,789",333,Multiple Employer,No,Yes,InsuranceTrust,InsuranceTrust,"55,484","6,074","5,151","66,709",851,"67,560","66,975",0,"1,084",$0,$0,$0,$0,$0,$0,4301 Wilson Blvd ,Arlington,VA,22203,(703) 907-6021,53-0116145,221100,Rebecca Mordas,"Senior Vice President, Insurance & Financial Services",4301 Wilson Blvd ,Arlington,VA,22203,(703) 907-5743,54-2072724,Rbc Capital Markets LLC,Securities brokerage commissions and fees,Broker,$0,"$19,464","$19,464"
48,NRECA RETIREMENT SECURITY PLAN,https://www.brightscope.com/form-5500/basic-info/256997/National-Rural-Electric-Cooperative-Association/13913739/Retirement-Security-Plan/,National Rural Electric Cooperative Assn,01/01/2018 — 12/31/2018,01/01/1948,"$8,614,297,789",333,Multiple Employer,No,Yes,InsuranceTrust,InsuranceTrust,"55,484","6,074","5,151","66,709",851,"67,560","66,975",0,"1,084",$0,$0,$0,$0,$0,$0,4301 Wilson Blvd ,Arlington,VA,22203,(703) 907-6021,53-0116145,221100,Rebecca Mordas,"Senior Vice President, Insurance & Financial Services",4301 Wilson Blvd ,Arlington,VA,22203,(703) 907-5743,54-2072724,Ubs Securities,Securities brokerage commissions and fees,Broker,$0,"$19,395","$19,395"
49,NRECA RETIREMENT SECURITY PLAN,https://www.brightscope.com/form-5500/basic-info/256997/National-Rural-Electric-Cooperative-Association/13913739/Retirement-Security-Plan/,National Rural Electric Cooperative Assn,01/01/2018 — 12/31/2018,01/01/1948,"$8,614,297,789",333,Multiple Employer,No,Yes,InsuranceTrust,InsuranceTrust,"55,484","6,074","5,151","66,709",851,"67,560","66,975",0,"1,084",$0,$0,$0,$0,$0,$0,4301 Wilson Blvd ,Arlington,VA,22203,(703) 907-6021,53-0116145,221100,Rebecca Mordas,"Senior Vice President, Insurance & Financial Services",4301 Wilson Blvd ,Arlington,VA,22203,(703) 907-5743,54-2072724,Teksystems Inc,"Consulting (general), Direct payment from the plan",Consultant,"$19,083",$0,"$19,083"
50,NRECA RETIREMENT SECURITY PLAN,https://www.brightscope.com/form-5500/basic-info/256997/National-Rural-Electric-Cooperative-Association/13913739/Retirement-Security-Plan/,National Rural Electric Cooperative Assn,01/01/2018 — 12/31/2018,01/01/1948,"$8,614,297,789",333,Multiple Employer,No,Yes,InsuranceTrust,InsuranceTrust,"55,484","6,074","5,151","66,709",851,"67,560","66,975",0,"1,084",$0,$0,$0,$0,$0,$0,4301 Wilson Blvd ,Arlington,VA,22203,(703) 907-6021,53-0116145,221100,Rebecca Mordas,"Senior Vice President, Insurance & Financial Services",4301 Wilson Blvd ,Arlington,VA,22203,(703) 907-5743,54-2072724,Bdo USA LLP,"Accounting (including auditing), Direct payment from the plan",Auditor,"$17,580",$0,"$17,580"
51,NRECA RETIREMENT SECURITY PLAN,https://www.brightscope.com/form-5500/basic-info/256997/National-Rural-Electric-Cooperative-Association/13913739/Retirement-Security-Plan/,National Rural Electric Cooperative Assn,01/01/2018 — 12/31/2018,01/01/1948,"$8,614,297,789",333,Multiple Employer,No,Yes,InsuranceTrust,InsuranceTrust,"55,484","6,074","5,151","66,709",851,"67,560","66,975",0,"1,084",$0,$0,$0,$0,$0,$0,4301 Wilson Blvd ,Arlington,VA,22203,(703) 907-6021,53-0116145,221100,Rebecca Mordas,"Senior Vice President, Insurance & Financial Services",4301 Wilson Blvd ,Arlington,VA,22203,(703) 907-5743,54-2072724,Aston Carter Inc,"Consulting (general), Direct payment from the plan",Consultant,"$17,246",$0,"$17,246"
52,NRECA RETIREMENT SECURITY PLAN,https://www.brightscope.com/form-5500/basic-info/256997/National-Rural-Electric-Cooperative-Association/13913739/Retirement-Security-Plan/,National Rural Electric Cooperative Assn,01/01/2018 — 12/31/2018,01/01/1948,"$8,614,297,789",333,Multiple Employer,No,Yes,InsuranceTrust,InsuranceTrust,"55,484","6,074","5,151","66,709",851,"67,560","66,975",0,"1,084",$0,$0,$0,$0,$0,$0,4301 Wilson Blvd ,Arlington,VA,22203,(703) 907-6021,53-0116145,221100,Rebecca Mordas,"Senior Vice President, Insurance & Financial Services",4301 Wilson Blvd ,Arlington,VA,22203,(703) 907-5743,54-2072724,Randstad Technologies LLC,"Consulting (general), Direct payment from the plan",Consultant,"$16,544",$0,"$16,544"
53,NRECA RETIREMENT SECURITY PLAN,https://www.brightscope.com/form-5500/basic-info/256997/National-Rural-Electric-Cooperative-Association/13913739/Retirement-Security-Plan/,National Rural Electric Cooperative Assn,01/01/2018 — 12/31/2018,01/01/1948,"$8,614,297,789",333,Multiple Employer,No,Yes,InsuranceTrust,InsuranceTrust,"55,484","6,074","5,151","66,709",851,"67,560","66,975",0,"1,084",$0,$0,$0,$0,$0,$0,4301 Wilson Blvd ,Arlington,VA,22203,(703) 907-6021,53-0116145,221100,Rebecca Mordas,"Senior Vice President, Insurance & Financial Services",4301 Wilson Blvd ,Arlington,VA,22203,(703) 907-5743,54-2072724,Seaport Group Securities LLC,Securities brokerage commissions and fees,Broker,$0,"$16,527","$16,527"
54,NRECA RETIREMENT SECURITY PLAN,https://www.brightscope.com/form-5500/basic-info/256997/National-Rural-Electric-Cooperative-Association/13913739/Retirement-Security-Plan/,National Rural Electric Cooperative Assn,01/01/2018 — 12/31/2018,01/01/1948,"$8,614,297,789",333,Multiple Employer,No,Yes,InsuranceTrust,InsuranceTrust,"55,484","6,074","5,151","66,709",851,"67,560","66,975",0,"1,084",$0,$0,$0,$0,$0,$0,4301 Wilson Blvd ,Arlington,VA,22203,(703) 907-6021,53-0116145,221100,Rebecca Mordas,"Senior Vice President, Insurance & Financial Services",4301 Wilson Blvd ,Arlington,VA,22203,(703) 907-5743,54-2072724,Aerotek Professional Services,"Consulting (general), Direct payment from the plan",Consultant,"$16,352",$0,"$16,352"
55,NRECA RETIREMENT SECURITY PLAN,https://www.brightscope.com/form-5500/basic-info/256997/National-Rural-Electric-Cooperative-Association/13913739/Retirement-Security-Plan/,National Rural Electric Cooperative Assn,01/01/2018 — 12/31/2018,01/01/1948,"$8,614,297,789",333,Multiple Employer,No,Yes,InsuranceTrust,InsuranceTrust,"55,484","6,074","5,151","66,709",851,"67,560","66,975",0,"1,084",$0,$0,$0,$0,$0,$0,4301 Wilson Blvd ,Arlington,VA,22203,(703) 907-6021,53-0116145,221100,Rebecca Mordas,"Senior Vice President, Insurance & Financial Services",4301 Wilson Blvd ,Arlington,VA,22203,(703) 907-5743,54-2072724,Allen and Company,Securities brokerage commissions and fees,Broker,$0,"$14,279","$14,279"
56,NRECA RETIREMENT SECURITY PLAN,https://www.brightscope.com/form-5500/basic-info/256997/National-Rural-Electric-Cooperative-Association/13913739/Retirement-Security-Plan/,National Rural Electric Cooperative Assn,01/01/2018 — 12/31/2018,01/01/1948,"$8,614,297,789",333,Multiple Employer,No,Yes,InsuranceTrust,InsuranceTrust,"55,484","6,074","5,151","66,709",851,"67,560","66,975",0,"1,084",$0,$0,$0,$0,$0,$0,4301 Wilson Blvd ,Arlington,VA,22203,(703) 907-6021,53-0116145,221100,Rebecca Mordas,"Senior Vice President, Insurance & Financial Services",4301 Wilson Blvd ,Arlington,VA,22203,(703) 907-5743,54-2072724,State Street Global Markets,Securities brokerage commissions and fees,Broker,$0,"$13,202","$13,202"
57,NRECA RETIREMENT SECURITY PLAN,https://www.brightscope.com/form-5500/basic-info/256997/National-Rural-Electric-Cooperative-Association/13913739/Retirement-Security-Plan/,National Rural Electric Cooperative Assn,01/01/2018 — 12/31/2018,01/01/1948,"$8,614,297,789",333,Multiple Employer,No,Yes,InsuranceTrust,InsuranceTrust,"55,484","6,074","5,151","66,709",851,"67,560","66,975",0,"1,084",$0,$0,$0,$0,$0,$0,4301 Wilson Blvd ,Arlington,VA,22203,(703) 907-6021,53-0116145,221100,Rebecca Mordas,"Senior Vice President, Insurance & Financial Services",4301 Wilson Blvd ,Arlington,VA,22203,(703) 907-5743,54-2072724,Stifel Nicolaus and Co LLC,Securities brokerage commissions and fees,Broker,$0,"$13,118","$13,118"
58,NRECA RETIREMENT SECURITY PLAN,https://www.brightscope.com/form-5500/basic-info/256997/National-Rural-Electric-Cooperative-Association/13913739/Retirement-Security-Plan/,National Rural Electric Cooperative Assn,01/01/2018 — 12/31/2018,01/01/1948,"$8,614,297,789",333,Multiple Employer,No,Yes,InsuranceTrust,InsuranceTrust,"55,484","6,074","5,151","66,709",851,"67,560","66,975",0,"1,084",$0,$0,$0,$0,$0,$0,4301 Wilson Blvd ,Arlington,VA,22203,(703) 907-6021,53-0116145,221100,Rebecca Mordas,"Senior Vice President, Insurance & Financial Services",4301 Wilson Blvd ,Arlington,VA,22203,(703) 907-5743,54-2072724,Barclays Capital Le,Securities brokerage commissions and fees,Broker,$0,"$12,687","$12,687"
59,NRECA RETIREMENT SECURITY PLAN,https://www.brightscope.com/form-5500/basic-info/256997/National-Rural-Electric-Cooperative-Association/13913739/Retirement-Security-Plan/,National Rural Electric Cooperative Assn,01/01/2018 — 12/31/2018,01/01/1948,"$8,614,297,789",333,Multiple Employer,No,Yes,InsuranceTrust,InsuranceTrust,"55,484","6,074","5,151","66,709",851,"67,560","66,975",0,"1,084",$0,$0,$0,$0,$0,$0,4301 Wilson Blvd ,Arlington,VA,22203,(703) 907-6021,53-0116145,221100,Rebecca Mordas,"Senior Vice President, Insurance & Financial Services",4301 Wilson Blvd ,Arlington,VA,22203,(703) 907-5743,54-2072724,Wells Fargo Securities LLC,Securities brokerage commissions and fees,Broker,$0,"$12,600","$12,600"
60,NRECA RETIREMENT SECURITY PLAN,https://www.brightscope.com/form-5500/basic-info/256997/National-Rural-Electric-Cooperative-Association/13913739/Retirement-Security-Plan/,National Rural Electric Cooperative Assn,01/01/2018 — 12/31/2018,01/01/1948,"$8,614,297,789",333,Multiple Employer,No,Yes,InsuranceTrust,InsuranceTrust,"55,484","6,074","5,151","66,709",851,"67,560","66,975",0,"1,084",$0,$0,$0,$0,$0,$0,4301 Wilson Blvd ,Arlington,VA,22203,(703) 907-6021,53-0116145,221100,Rebecca Mordas,"Senior Vice President, Insurance & Financial Services",4301 Wilson Blvd ,Arlington,VA,22203,(703) 907-5743,54-2072724,Davis and Harman LLP,"Legal, Direct payment from the plan",Legal,"$10,922",$0,"$10,922"
61,NRECA RETIREMENT SECURITY PLAN,https://www.brightscope.com/form-5500/basic-info/256997/National-Rural-Electric-Cooperative-Association/13913739/Retirement-Security-Plan/,National Rural Electric Cooperative Assn,01/01/2018 — 12/31/2018,01/01/1948,"$8,614,297,789",333,Multiple Employer,No,Yes,InsuranceTrust,InsuranceTrust,"55,484","6,074","5,151","66,709",851,"67,560","66,975",0,"1,084",$0,$0,$0,$0,$0,$0,4301 Wilson Blvd ,Arlington,VA,22203,(703) 907-6021,53-0116145,221100,Rebecca Mordas,"Senior Vice President, Insurance & Financial Services",4301 Wilson Blvd ,Arlington,VA,22203,(703) 907-5743,54-2072724,Strategas Securities LLC,Securities brokerage commissions and fees,Broker,$0,"$10,791","$10,791"
62,NRECA RETIREMENT SECURITY PLAN,https://www.brightscope.com/form-5500/basic-info/256997/National-Rural-Electric-Cooperative-Association/13913739/Retirement-Security-Plan/,National Rural Electric Cooperative Assn,01/01/2018 — 12/31/2018,01/01/1948,"$8,614,297,789",333,Multiple Employer,No,Yes,InsuranceTrust,InsuranceTrust,"55,484","6,074","5,151","66,709",851,"67,560","66,975",0,"1,084",$0,$0,$0,$0,$0,$0,4301 Wilson Blvd ,Arlington,VA,22203,(703) 907-6021,53-0116145,221100,Rebecca Mordas,"Senior Vice President, Insurance & Financial Services",4301 Wilson Blvd ,Arlington,VA,22203,(703) 907-5743,54-2072724,Morgan Stanley and Co International,Securities brokerage commissions and fees,Broker,$0,"$10,522","$10,522"
63,NRECA RETIREMENT SECURITY PLAN,https://www.brightscope.com/form-5500/basic-info/256997/National-Rural-Electric-Cooperative-Association/13913739/Retirement-Security-Plan/,National Rural Electric Cooperative Assn,01/01/2018 — 12/31/2018,01/01/1948,"$8,614,297,789",333,Multiple Employer,No,Yes,InsuranceTrust,InsuranceTrust,"55,484","6,074","5,151","66,709",851,"67,560","66,975",0,"1,084",$0,$0,$0,$0,$0,$0,4301 Wilson Blvd ,Arlington,VA,22203,(703) 907-6021,53-0116145,221100,Rebecca Mordas,"Senior Vice President, Insurance & Financial Services",4301 Wilson Blvd ,Arlington,VA,22203,(703) 907-5743,54-2072724,Cowen and Company LLC,Securities brokerage commissions and fees,Broker,$0,"$8,863","$8,863"
64,NRECA RETIREMENT SECURITY PLAN,https://www.brightscope.com/form-5500/basic-info/256997/National-Rural-Electric-Cooperative-Association/13913739/Retirement-Security-Plan/,National Rural Electric Cooperative Assn,01/01/2018 — 12/31/2018,01/01/1948,"$8,614,297,789",333,Multiple Employer,No,Yes,InsuranceTrust,InsuranceTrust,"55,484","6,074","5,151","66,709",851,"67,560","66,975",0,"1,084",$0,$0,$0,$0,$0,$0,4301 Wilson Blvd ,Arlington,VA,22203,(703) 907-6021,53-0116145,221100,Rebecca Mordas,"Senior Vice President, Insurance & Financial Services",4301 Wilson Blvd ,Arlington,VA,22203,(703) 907-5743,54-2072724,Evestment Alliance,"Other services, Direct payment from the plan",Computer Services,"$8,849",$0,"$8,849"
65,NRECA RETIREMENT SECURITY PLAN,https://www.brightscope.com/form-5500/basic-info/256997/National-Rural-Electric-Cooperative-Association/13913739/Retirement-Security-Plan/,National Rural Electric Cooperative Assn,01/01/2018 — 12/31/2018,01/01/1948,"$8,614,297,789",333,Multiple Employer,No,Yes,InsuranceTrust,InsuranceTrust,"55,484","6,074","5,151","66,709",851,"67,560","66,975",0,"1,084",$0,$0,$0,$0,$0,$0,4301 Wilson Blvd ,Arlington,VA,22203,(703) 907-6021,53-0116145,221100,Rebecca Mordas,"Senior Vice President, Insurance & Financial Services",4301 Wilson Blvd ,Arlington,VA,22203,(703) 907-5743,54-2072724,Bloomberg Finance Lp,"Other services, Direct payment from the plan",Computer Services,"$8,630",$0,"$8,630"
66,NRECA RETIREMENT SECURITY PLAN,https://www.brightscope.com/form-5500/basic-info/256997/National-Rural-Electric-Cooperative-Association/13913739/Retirement-Security-Plan/,National Rural Electric Cooperative Assn,01/01/2018 — 12/31/2018,01/01/1948,"$8,614,297,789",333,Multiple Employer,No,Yes,InsuranceTrust,InsuranceTrust,"55,484","6,074","5,151","66,709",851,"67,560","66,975",0,"1,084",$0,$0,$0,$0,$0,$0,4301 Wilson Blvd ,Arlington,VA,22203,(703) 907-6021,53-0116145,221100,Rebecca Mordas,"Senior Vice President, Insurance & Financial Services",4301 Wilson Blvd ,Arlington,VA,22203,(703) 907-5743,54-2072724,Investment Technology Group,Securities brokerage commissions and fees,Broker,$0,"$8,604","$8,604"
67,NRECA RETIREMENT SECURITY PLAN,https://www.brightscope.com/form-5500/basic-info/256997/National-Rural-Electric-Cooperative-Association/13913739/Retirement-Security-Plan/,National Rural Electric Cooperative Assn,01/01/2018 — 12/31/2018,01/01/1948,"$8,614,297,789",333,Multiple Employer,No,Yes,InsuranceTrust,InsuranceTrust,"55,484","6,074","5,151","66,709",851,"67,560","66,975",0,"1,084",$0,$0,$0,$0,$0,$0,4301 Wilson Blvd ,Arlington,VA,22203,(703) 907-6021,53-0116145,221100,Rebecca Mordas,"Senior Vice President, Insurance & Financial Services",4301 Wilson Blvd ,Arlington,VA,22203,(703) 907-5743,54-2072724,Comcast,"Other services, Direct payment from the plan",Other Services,"$8,359",$0,"$8,359"
68,NRECA RETIREMENT SECURITY PLAN,https://www.brightscope.com/form-5500/basic-info/256997/National-Rural-Electric-Cooperative-Association/13913739/Retirement-Security-Plan/,National Rural Electric Cooperative Assn,01/01/2018 — 12/31/2018,01/01/1948,"$8,614,297,789",333,Multiple Employer,No,Yes,InsuranceTrust,InsuranceTrust,"55,484","6,074","5,151","66,709",851,"67,560","66,975",0,"1,084",$0,$0,$0,$0,$0,$0,4301 Wilson Blvd ,Arlington,VA,22203,(703) 907-6021,53-0116145,221100,Rebecca Mordas,"Senior Vice President, Insurance & Financial Services",4301 Wilson Blvd ,Arlington,VA,22203,(703) 907-5743,54-2072724,Bofa Securities LLC,Securities brokerage commissions and fees,Broker,$0,"$7,509","$7,509"
69,NRECA RETIREMENT SECURITY PLAN,https://www.brightscope.com/form-5500/basic-info/256997/National-Rural-Electric-Cooperative-Association/13913739/Retirement-Security-Plan/,National Rural Electric Cooperative Assn,01/01/2018 — 12/31/2018,01/01/1948,"$8,614,297,789",333,Multiple Employer,No,Yes,InsuranceTrust,InsuranceTrust,"55,484","6,074","5,151","66,709",851,"67,560","66,975",0,"1,084",$0,$0,$0,$0,$0,$0,4301 Wilson Blvd ,Arlington,VA,22203,(703) 907-6021,53-0116145,221100,Rebecca Mordas,"Senior Vice President, Insurance & Financial Services",4301 Wilson Blvd ,Arlington,VA,22203,(703) 907-5743,54-2072724,Jonestrading Institutional Services,Securities brokerage commissions and fees,Broker,$0,"$7,433","$7,433"
70,NRECA RETIREMENT SECURITY PLAN,https://www.brightscope.com/form-5500/basic-info/256997/National-Rural-Electric-Cooperative-Association/13913739/Retirement-Security-Plan/,National Rural Electric Cooperative Assn,01/01/2018 — 12/31/2018,01/01/1948,"$8,614,297,789",333,Multiple Employer,No,Yes,InsuranceTrust,InsuranceTrust,"55,484","6,074","5,151","66,709",851,"67,560","66,975",0,"1,084",$0,$0,$0,$0,$0,$0,4301 Wilson Blvd ,Arlington,VA,22203,(703) 907-6021,53-0116145,221100,Rebecca Mordas,"Senior Vice President, Insurance & Financial Services",4301 Wilson Blvd ,Arlington,VA,22203,(703) 907-5743,54-2072724,Altek Solutions Inc,"Consulting (general), Direct payment from the plan",Consultant,"$6,597",$0,"$6,597"
71,NRECA RETIREMENT SECURITY PLAN,https://www.brightscope.com/form-5500/basic-info/256997/National-Rural-Electric-Cooperative-Association/13913739/Retirement-Security-Plan/,National Rural Electric Cooperative Assn,01/01/2018 — 12/31/2018,01/01/1948,"$8,614,297,789",333,Multiple Employer,No,Yes,InsuranceTrust,InsuranceTrust,"55,484","6,074","5,151","66,709",851,"67,560","66,975",0,"1,084",$0,$0,$0,$0,$0,$0,4301 Wilson Blvd ,Arlington,VA,22203,(703) 907-6021,53-0116145,221100,Rebecca Mordas,"Senior Vice President, Insurance & Financial Services",4301 Wilson Blvd ,Arlington,VA,22203,(703) 907-5743,54-2072724,Stevens and Lee Pc,"Legal, Direct payment from the plan",Legal,"$6,494",$0,"$6,494"
72,NRECA RETIREMENT SECURITY PLAN,https://www.brightscope.com/form-5500/basic-info/256997/National-Rural-Electric-Cooperative-Association/13913739/Retirement-Security-Plan/,National Rural Electric Cooperative Assn,01/01/2018 — 12/31/2018,01/01/1948,"$8,614,297,789",333,Multiple Employer,No,Yes,InsuranceTrust,InsuranceTrust,"55,484","6,074","5,151","66,709",851,"67,560","66,975",0,"1,084",$0,$0,$0,$0,$0,$0,4301 Wilson Blvd ,Arlington,VA,22203,(703) 907-6021,53-0116145,221100,Rebecca Mordas,"Senior Vice President, Insurance & Financial Services",4301 Wilson Blvd ,Arlington,VA,22203,(703) 907-5743,54-2072724,Pk Consulting Inc,"Consulting (general), Direct payment from the plan",Consultant,"$6,487",$0,"$6,487"
73,NRECA RETIREMENT SECURITY PLAN,https://www.brightscope.com/form-5500/basic-info/256997/National-Rural-Electric-Cooperative-Association/13913739/Retirement-Security-Plan/,National Rural Electric Cooperative Assn,01/01/2018 — 12/31/2018,01/01/1948,"$8,614,297,789",333,Multiple Employer,No,Yes,InsuranceTrust,InsuranceTrust,"55,484","6,074","5,151","66,709",851,"67,560","66,975",0,"1,084",$0,$0,$0,$0,$0,$0,4301 Wilson Blvd ,Arlington,VA,22203,(703) 907-6021,53-0116145,221100,Rebecca Mordas,"Senior Vice President, Insurance & Financial Services",4301 Wilson Blvd ,Arlington,VA,22203,(703) 907-5743,54-2072724,Wells Fargo Bank,"Direct payment from the plan, Other fees",Other Services,"$6,223",$0,"$6,223"
74,NRECA RETIREMENT SECURITY PLAN,https://www.brightscope.com/form-5500/basic-info/256997/National-Rural-Electric-Cooperative-Association/13913739/Retirement-Security-Plan/,National Rural Electric Cooperative Assn,01/01/2018 — 12/31/2018,01/01/1948,"$8,614,297,789",333,Multiple Employer,No,Yes,InsuranceTrust,InsuranceTrust,"55,484","6,074","5,151","66,709",851,"67,560","66,975",0,"1,084",$0,$0,$0,$0,$0,$0,4301 Wilson Blvd ,Arlington,VA,22203,(703) 907-6021,53-0116145,221100,Rebecca Mordas,"Senior Vice President, Insurance & Financial Services",4301 Wilson Blvd ,Arlington,VA,22203,(703) 907-5743,54-2072724,Hongkong and Shanghai Banking,Securities brokerage commissions and fees,Broker,$0,"$6,018","$6,018"
75,NRECA RETIREMENT SECURITY PLAN,https://www.brightscope.com/form-5500/basic-info/256997/National-Rural-Electric-Cooperative-Association/13913739/Retirement-Security-Plan/,National Rural Electric Cooperative Assn,01/01/2018 — 12/31/2018,01/01/1948,"$8,614,297,789",333,Multiple Employer,No,Yes,InsuranceTrust,InsuranceTrust,"55,484","6,074","5,151","66,709",851,"67,560","66,975",0,"1,084",$0,$0,$0,$0,$0,$0,4301 Wilson Blvd ,Arlington,VA,22203,(703) 907-6021,53-0116145,221100,Rebecca Mordas,"Senior Vice President, Insurance & Financial Services",4301 Wilson Blvd ,Arlington,VA,22203,(703) 907-5743,54-2072724,Uhy Advisors Inc,"Consulting (general), Direct payment from the plan",Consultant,"$6,000",$0,"$6,000"
76,NRECA RETIREMENT SECURITY PLAN,https://www.brightscope.com/form-5500/basic-info/256997/National-Rural-Electric-Cooperative-Association/13913739/Retirement-Security-Plan/,National Rural Electric Cooperative Assn,01/01/2018 — 12/31/2018,01/01/1948,"$8,614,297,789",333,Multiple Employer,No,Yes,InsuranceTrust,InsuranceTrust,"55,484","6,074","5,151","66,709",851,"67,560","66,975",0,"1,084",$0,$0,$0,$0,$0,$0,4301 Wilson Blvd ,Arlington,VA,22203,(703) 907-6021,53-0116145,221100,Rebecca Mordas,"Senior Vice President, Insurance & Financial Services",4301 Wilson Blvd ,Arlington,VA,22203,(703) 907-5743,54-2072724,McDermott Will and Emery LLP,"Legal, Direct payment from the plan",Legal,"$5,239",$0,"$5,239"
77,NRECA RETIREMENT SECURITY PLAN,https://www.brightscope.com/form-5500/basic-info/256997/National-Rural-Electric-Cooperative-Association/13913739/Retirement-Security-Plan/,National Rural Electric Cooperative Assn,01/01/2018 — 12/31/2018,01/01/1948,"$8,614,297,789",333,Multiple Employer,No,Yes,InsuranceTrust,InsuranceTrust,"55,484","6,074","5,151","66,709",851,"67,560","66,975",0,"1,084",$0,$0,$0,$0,$0,$0,4301 Wilson Blvd ,Arlington,VA,22203,(703) 907-6021,53-0116145,221100,Rebecca Mordas,"Senior Vice President, Insurance & Financial Services",4301 Wilson Blvd ,Arlington,VA,22203,(703) 907-5743,54-2072724,Total,Total,Total,"$25,861,107","$714,602","$26,575,709"
